"","Site","Year","riparianForest350","riparianScrub350","natural350","riparianForest1000","riparianScrub1000","natural1000","riparianForest2500","riparianScrub2500","natural2500"
"1","Barger",2007,256.090690174355,4002.12394064205,4258.2146308164,1341.68099283089,39212.0346771408,40553.7156699717,1629.26875896898,54200.0563212984,55829.3250802674
"81","Barger",2008,256.090690174355,4002.12394064205,4258.2146308164,1341.68099283089,39212.0346771408,40553.7156699717,1629.26875896898,54200.0563212984,55829.3250802674
"127","Barger",2009,256.090690174355,4002.12394064205,4258.2146308164,1341.68099283089,39212.0346771408,40553.7156699717,1629.26875896898,54200.0563212984,55829.3250802674
"152","BC1",2006,11272.8842345787,20388.383556102,31661.2677906807,26645.2299079315,75073.8244755687,101719.0543835,33438.2610263783,96139.2781434827,129577.539169861
"170","BC1",2007,11272.8842345787,20388.383556102,31661.2677906807,26645.2299079315,75073.8244755687,101719.0543835,33438.2610263783,96139.2781434827,129577.539169861
"192","BC1",2008,11272.8842345787,20388.383556102,31661.2677906807,26645.2299079315,75073.8244755687,101719.0543835,33438.2610263783,96139.2781434827,129577.539169861
"197","BC2",2007,3380.167013645,36865.6441615002,40245.8111751452,31986.4320234194,290177.785754685,322164.217778104,52619.1757007882,393585.005521429,446204.181222217
"247","BC2",2008,3380.167013645,36865.6441615002,40245.8111751452,31986.4320234194,290177.785754685,322164.217778104,52619.1757007882,393585.005521429,446204.181222217
"302","BC2",2009,3380.167013645,36865.6441615002,40245.8111751452,31986.4320234194,290177.785754685,322164.217778104,52619.1757007882,393585.005521429,446204.181222217
"336","Butler",2007,65.3475185862919,833.089088192634,898.436606778926,7577.3475398845,17780.6506851188,25357.9982250033,13230.7926530603,26373.7169189685,39604.5095720287
"412","Butler",2008,65.3475185862919,833.089088192634,898.436606778926,7577.3475398845,17780.6506851188,25357.9982250033,13230.7926530603,26373.7169189685,39604.5095720287
"446","Butler",2009,65.3475185862919,833.089088192634,898.436606778926,7577.3475398845,17780.6506851188,25357.9982250033,13230.7926530603,26373.7169189685,39604.5095720287
"487","Chamberlain",2007,10034.8597241247,6430.15101705837,16465.010741183,28272.3813573145,62671.8366120426,90944.2179693571,33842.4852218654,88480.3997660609,122322.884987926
"565","Chamberlain",2008,10034.8597241247,6430.15101705837,16465.010741183,28272.3813573145,62671.8366120426,90944.2179693571,33842.4852218654,88480.3997660609,122322.884987926
"659","Chamberlain",2009,10034.8597241247,6430.15101705837,16465.010741183,28272.3813573145,62671.8366120426,90944.2179693571,33842.4852218654,88480.3997660609,122322.884987926
"683","DQU",2006,0,0,0,0,0,0,0,0,0
"766","DQU",2007,0,0,0,0,0,0,0,0,0
"826","DQU",2008,0,0,0,0,0,0,0,0,0
"914","DQU",2009,0,0,0,0,0,0,0,0,0
"949","Barger",2006,256.090690174355,4002.12394064205,4258.2146308164,1341.68099283089,39212.0346771408,40553.7156699717,1629.26875896898,54200.0563212984,55829.3250802674
"998","Fong",2008,1446.00757597521,115.455151121439,1561.46272709665,15657.4284546763,2943.16483642428,18600.5932911006,22280.4382720728,4970.13350214346,27250.5717742162
"1048","Gregory",2007,0,0,0,0,0,0,0,0,0
"1123","Gregory",2008,0,0,0,0,0,0,0,0,0
"1164","Gregory",2009,0,0,0,0,0,0,0,0,0
"1228","H16",2006,0,0,0,0,0,0,0,0,0
"1275","H16",2007,0,0,0,0,0,0,0,0,0
"1306","H16",2008,0,0,0,0,0,0,0,0,0
"1356","H16",2009,0,0,0,0,0,0,0,0,0
"1373","HC1",2007,0,0,0,0,0,0,0,0,0
"1423","HC1",2008,0,0,0,0,0,0,0,0,0
"1505","HC1",2009,0,0,0,0,0,0,0,0,0
"1528","Hrdy",2007,0,0,0,0,0,0,0,0,0
"1584","Hrdy",2008,0,0,0,0,0,0,0,0,0
"1666","Hrdy",2009,0,0,0,0,0,0,0,0,0
"1764","MC1",2007,0,2669.62395445763,2669.62395445763,0,36111.1348022219,36111.1348022219,0,52460.2158238264,52460.2158238264
"1801","MC1",2008,0,2669.62395445763,2669.62395445763,0,36111.1348022219,36111.1348022219,0,52460.2158238264,52460.2158238264
"1860","MC1",2009,0,2669.62395445763,2669.62395445763,0,36111.1348022219,36111.1348022219,0,52460.2158238264,52460.2158238264
"1871","MullerB",2006,0,16242.7182437987,16242.7182437987,0,60618.9080126453,60618.9080126453,0,78275.998340301,78275.998340301
"1894","MullerB",2007,0,16242.7182437987,16242.7182437987,0,60618.9080126453,60618.9080126453,0,78275.998340301,78275.998340301
"2035","MullerB",2008,0,16242.7182437987,16242.7182437987,0,60618.9080126453,60618.9080126453,0,78275.998340301,78275.998340301
"2142","MullerB",2009,0,16242.7182437987,16242.7182437987,0,60618.9080126453,60618.9080126453,0,78275.998340301,78275.998340301
"2211","Butler",2006,65.3475185862919,833.089088192634,898.436606778926,7577.3475398845,17780.6506851188,25357.9982250033,13230.7926530603,26373.7169189685,39604.5095720287
"2238","Sperandio",2007,4358.80914923847,4731.83714983591,9090.64629907439,57389.4365154787,15806.4546583145,73195.8911737933,87549.7673689071,19065.0809420924,106614.848310999
"2272","Sperandio",2008,4358.80914923847,4731.83714983591,9090.64629907439,57389.4365154787,15806.4546583145,73195.8911737933,87549.7673689071,19065.0809420924,106614.848310999
"2321","Sperandio",2009,4358.80914923847,4731.83714983591,9090.64629907439,57389.4365154787,15806.4546583145,73195.8911737933,87549.7673689071,19065.0809420924,106614.848310999
"2351","Spiva",2007,4979.8261949778,2537.116678165,7516.9428731428,29788.3390830145,13375.6081568246,43163.947239839,43799.7142895789,17430.8155871814,61230.5298767603
"2406","Spiva",2008,4979.8261949778,2537.116678165,7516.9428731428,29788.3390830145,13375.6081568246,43163.947239839,43799.7142895789,17430.8155871814,61230.5298767603
"2451","Spiva",2009,4979.8261949778,2537.116678165,7516.9428731428,29788.3390830145,13375.6081568246,43163.947239839,43799.7142895789,17430.8155871814,61230.5298767603
"2475","Turkovich",2006,0,0,0,0,0,0,0,0,0
"2525","Turkovich",2007,0,0,0,0,0,0,0,0,0
"2602","Turkovich",2008,0,0,0,0,0,0,0,0,0
"2686","Turkovich",2009,0,0,0,0,0,0,0,0,0
"2740","USS",2006,107.195631784129,9073.86270032103,9181.05833210515,1814.44585672556,42229.0623774037,44043.5082341293,2538.83957522158,54977.5605832176,57516.4001584392
"2782","USS",2007,107.195631784129,9073.86270032103,9181.05833210515,1814.44585672556,42229.0623774037,44043.5082341293,2538.83957522158,54977.5605832176,57516.4001584392
"2831","USS",2008,107.195631784129,9073.86270032103,9181.05833210515,1814.44585672556,42229.0623774037,44043.5082341293,2538.83957522158,54977.5605832176,57516.4001584392
"2906","USS",2009,107.195631784129,9073.86270032103,9181.05833210515,1814.44585672556,42229.0623774037,44043.5082341293,2538.83957522158,54977.5605832176,57516.4001584392
"2929","Barger",2011,14.2764578137721,295.112832927471,309.389290741243,1655.42142737373,1548.64649767166,3204.06792504539,2890.5283205934,1881.24463035989,4771.77295095329
"2964","BC2",2011,6538.77262402204,1278.76133284971,7817.53395687175,11180.7507071426,109526.636831953,120707.387539095,12150.7416809853,188946.765394185,201097.50707517
"2997","Butler",2011,0,0,0,0,0,0,0,0,0
"3038","Chamberlain",2011,2513.85204900835,1045.23312588439,3559.08517489274,11273.9212869741,13938.170690184,25212.0919771581,15375.2234744661,20868.8184397352,36244.0419142013
"3052","DQU",2011,0,0,0,0,0,0,0,0,0
"3096","Gregory",2011,0,722.783058146278,722.783058146278,0,20770.8110398836,20770.8110398836,0,32530.4281547852,32530.4281547852
"3145","H16",2011,25.1136653300133,342.642205602255,367.755870932268,2912.04584845211,13220.7480178153,16132.7938662674,5084.71791933436,21512.9966821981,26597.7146015324
"3204","HC1",2011,0,1253.03791652117,1253.03791652117,0,6564.77263874085,6564.77263874085,0,7971.9240469131,7971.9240469131
"3234","Hrdy",2011,2.69259758446531,0,2.69259758446531,312.219164919096,0,312.219164919096,545.16531168889,0,545.16531168889
"3276","MC1",2011,68.8073058004728,0,68.8073058004728,3565.18869847434,0,3565.18869847434,5963.51313590404,0,5963.51313590404
"3280","MullerB",2011,0,2989.69387600343,2989.69387600343,0,8808.58837930482,8808.58837930482,0,10629.2635890986,10629.2635890986
"3388","Sperandio",2011,5300.70166666106,544680.692682588,549981.39434925,34140.4300250269,2123108.26327544,2157248.69330046,47995.7892858219,2889096.53957642,2937092.32886224
"3437","Spiva",2011,2494.25454856079,634065.799145224,636560.053693785,10917.0930081636,1949038.18000929,1959955.27301745,13312.9741078873,2542560.58980768,2555873.56391556
"3454","Turkovich",2011,94107.8337965697,2248.6591355165,96356.4929320862,214818.787181235,24022.2587607693,238841.045942004,258851.893428296,34897.2905790423,293749.184007338
"3529","USS",2011,12024.2953511556,24695.6108920013,36719.9062431569,60328.781771835,171242.903456724,231571.685228559,76314.8523056175,233093.816733403,309408.66903902
"3549","Hatanaka",2009,0,0,0,0,0,0,0,0,0
"3550","Fong",2009,1446.00757597521,115.455151121439,1561.46272709665,15657.4284546763,2943.16483642428,18600.5932911006,22280.4382720728,4970.13350214346,27250.5717742162
"3556","Harlan",2009,0,0,0,0,0,0,0,0,0
"3561","Rominger",2009,0,0,0,0,0,0,0,0,0
"3579","Joe",2009,0,0,0,0,0,0,0,0,0
"3594","Tractor",2009,1349.86806253649,16453.3348974535,17803.20295999,7440.55520134593,35793.0848711111,43233.640072457,10984.4251544543,43753.571341817,54737.9964962713
"3601","Barn",2009,98627.138752158,3903.76674188554,102530.905494044,164918.95035189,16509.0557237688,181428.006075658,186566.292559421,23265.4095472706,209831.702106692
"3609","CircleG",2009,0,0,0,0,0,0,0,0,0
"3801","Rominger",2010,0,1948.10494979936,1948.10494979936,0,5250.20587717979,5250.20587717979,0,5901.99574231793,5901.99574231793
"3807","Joe",2010,1286.20071829139,19885.7541545416,21171.9548728329,10800.0123670599,121269.42008674,132069.432453799,14781.7518116619,165299.582577019,180081.334388681
"3811","Barn",2010,20910.6034717453,451195.678644774,472106.282116519,61040.5390345212,1910237.04009466,1971277.57912918,78225.1829621888,2544111.49644478,2622336.67940697
"3812","Zamora",2010,282.182629928042,11813.8318681309,12096.014498059,32720.3833127938,49029.8670520557,81750.2503648495,57133.001338728,59353.5675367146,116486.568875443
"3813","MullerM",2010,6880.06006137181,0,6880.06006137181,49981.8956390478,0,49981.8956390478,70190.6226205979,0,70190.6226205979
"3832","Fong",2010,1631.32990498478,803.784469246821,2435.1143742316,11524.6041955213,18856.28472101,30380.8889165313,16068.0284435523,29420.0697618468,45488.0982053991
"4216","Fong",2011,1631.32990498478,803.784469246821,2435.1143742316,11524.6041955213,18856.28472101,30380.8889165313,16068.0284435523,29420.0697618468,45488.0982053991
"4246","Harlan",2011,31112.151854128,29503.6372433431,60615.7890974712,162169.882016685,357543.499007115,519713.3810238,237703.168266819,531385.51606294,769088.684329759
"4299","MullerM",2011,6880.06006137181,0,6880.06006137181,49981.8956390478,0,49981.8956390478,70190.6226205979,0,70190.6226205979
"4320","Rominger",2011,0,1948.10494979936,1948.10494979936,0,5250.20587717979,5250.20587717979,0,5901.99574231793,5901.99574231793
"4333","Tractor",2011,0,16943.5958204556,16943.5958204556,0,41178.6438688319,41178.6438688319,0,51804.7851885879,51804.7851885879
"4338","Hrdy",2012,2.69259758446531,0,2.69259758446531,312.219164919096,0,312.219164919096,545.16531168889,0,545.16531168889
"4371","Tractor",2012,0,16943.5958204556,16943.5958204556,0,41178.6438688319,41178.6438688319,0,51804.7851885879,51804.7851885879
"4375","Berm",2012,0,0,0,0,0,0,0,0,0
"4392","CircleG",2012,0,1224.07863110911,1224.07863110911,0,4953.19111538985,4953.19111538985,0,5934.77010634918,5934.77010634918
"4395","Rominger",2012,0,1948.10494979936,1948.10494979936,0,5250.20587717979,5250.20587717979,0,5901.99574231793,5901.99574231793
"4399","Gilmer",2012,8021.88031231399,557.826088696428,8579.70640101042,48944.4237961037,29873.3190956656,78817.7428917693,74722.2327180913,50097.9926260021,124820.225344093
"4401","Sperandio",2012,5300.70166666106,544680.692682588,549981.39434925,34140.4300250269,2123108.26327544,2157248.69330046,47995.7892858219,2889096.53957642,2937092.32886224
"4404","Harlan",2012,31112.151854128,29503.6372433431,60615.7890974712,162169.882016685,357543.499007115,519713.3810238,237703.168266819,531385.51606294,769088.684329759
"4407","DQU",2012,0,0,0,0,0,0,0,0,0
"4409","MullerB",2012,0,2989.69387600343,2989.69387600343,0,8808.58837930482,8808.58837930482,0,10629.2635890986,10629.2635890986
"4410","Best",2012,0,10.7489732093071,10.7489732093071,0,1246.39324439342,1246.39324439342,0,2176.32495988111,2176.32495988111
"4439","MC1",2012,68.8073058004728,0,68.8073058004728,3565.18869847434,0,3565.18869847434,5963.51313590404,0,5963.51313590404
"4441","Chamberlain",2012,2513.85204900835,1045.23312588439,3559.08517489274,11273.9212869741,13938.170690184,25212.0919771581,15375.2234744661,20868.8184397352,36244.0419142013
"4445","Butler",2012,0,0,0,0,0,0,0,0,0
"4449","Joe",2012,1286.20071829139,19885.7541545416,21171.9548728329,10800.0123670599,121269.42008674,132069.432453799,14781.7518116619,165299.582577019,180081.334388681
"4454","Spiva",2012,2494.25454856079,634065.799145224,636560.053693785,10917.0930081636,1949038.18000929,1959955.27301745,13312.9741078873,2542560.58980768,2555873.56391556
"4455","PutahCreek",2012,272.05249562413,8.67114493677346,280.723640560903,6350.4440506356,1005.45942946371,7355.90348009931,9594.72882172156,1755.63086717036,11350.3596888919
"4456","Barger",2012,14.2764578137721,295.112832927471,309.389290741243,1655.42142737373,1548.64649767166,3204.06792504539,2890.5283205934,1881.24463035989,4771.77295095329
"4464","Turkovich",2012,94107.8337965697,2248.6591355165,96356.4929320862,214818.787181235,24022.2587607693,238841.045942004,258851.893428296,34897.2905790423,293749.184007338
"4475","YoloAirport",2012,678.329466450663,14402.9479553436,15081.2774217943,4676.97443778286,48645.7118979275,53322.6863357104,6058.61728168989,63114.9424671493,69173.5597488392
"4479","FongWest",2012,28.8348486871372,8423.04419288217,8451.8790415693,3343.53429922364,11508.0778921591,14851.6121913827,5838.13911247594,12077.5615387482,17915.7006512241
"4520","Gregory",2012,0,722.783058146278,722.783058146278,0,20770.8110398836,20770.8110398836,0,32530.4281547852,32530.4281547852
"4522","Fong",2012,1631.32990498478,803.784469246821,2435.1143742316,11524.6041955213,18856.28472101,30380.8889165313,16068.0284435523,29420.0697618468,45488.0982053991
"4541","BC2",2012,6538.77262402204,1278.76133284971,7817.53395687175,11180.7507071426,109526.636831953,120707.387539095,12150.7416809853,188946.765394185,201097.50707517
"4546","USS",2012,12024.2953511556,24695.6108920013,36719.9062431569,60328.781771835,171242.903456724,231571.685228559,76314.8523056175,233093.816733403,309408.66903902
"4554","MullerM",2012,6880.06006137181,0,6880.06006137181,49981.8956390478,0,49981.8956390478,70190.6226205979,0,70190.6226205979
"4560","Zamora",2012,282.182629928042,11813.8318681309,12096.014498059,32720.3833127938,49029.8670520557,81750.2503648495,57133.001338728,59353.5675367146,116486.568875443
"4563","CR29",2012,0,7892.59375516003,7892.59375516003,0,83066.9057588912,83066.9057588912,0,117893.350551851,117893.350551851
"4571","Oakdale",2012,6612.77016515328,13349.0380238177,19961.808188971,11263.8028970707,206540.153506298,217803.956403368,12166.7750627219,304700.668759804,316867.443822526
"4697","RLong",2012,0,1626.55067710278,1626.55067710278,0,1908.85822836348,1908.85822836348,0,1945.25972868982,1945.25972868982
"4708","H16",2012,25.1136653300133,342.642205602255,367.755870932268,2912.04584845211,13220.7480178153,16132.7938662674,5084.71791933436,21512.9966821981,26597.7146015324
"4807","Hatanaka",2012,46155.4534625414,26045.2825009003,72200.7359634417,276015.776379546,289685.021944712,565700.798324258,414692.42641194,461982.049868091,876674.476280032
"4841","Barn",2012,20910.6034717453,451195.678644774,472106.282116519,61040.5390345212,1910237.04009466,1971277.57912918,78225.1829621888,2544111.49644478,2622336.67940697
"4861","CR101",2012,42.0461852483887,11524.634610222,11566.6807954704,4875.44998258341,149000.206709804,153875.656692387,8513.01427978458,211662.645472998,220175.659752783
"5525","CR101Control",2012,1776.3797386505,10312.9534610003,12089.3331996508,2495.14149376201,39301.8618499768,41797.0033437388,2596.56214594567,54215.1575331967,56811.7196791423
"7095","YoloAirport",2013,678.329466450663,14402.9479553436,15081.2774217943,4676.97443778286,48645.7118979275,53322.6863357104,6058.61728168989,63114.9424671493,69173.5597488392
"7097","Barn",2013,20910.6034717453,451195.678644774,472106.282116519,61040.5390345212,1910237.04009466,1971277.57912918,78225.1829621888,2544111.49644478,2622336.67940697
"7103","Spiva",2013,2494.25454856079,634065.799145224,636560.053693785,10917.0930081636,1949038.18000929,1959955.27301745,13312.9741078873,2542560.58980768,2555873.56391556
"7108","MullerB",2013,0,2989.69387600343,2989.69387600343,0,8808.58837930482,8808.58837930482,0,10629.2635890986,10629.2635890986
"7115","Gregory",2013,0,722.783058146278,722.783058146278,0,20770.8110398836,20770.8110398836,0,32530.4281547852,32530.4281547852
"7136","Turkovich",2013,94107.8337965697,2248.6591355165,96356.4929320862,214818.787181235,24022.2587607693,238841.045942004,258851.893428296,34897.2905790423,293749.184007338
"7178","CR101Control",2013,1776.3797386505,10312.9534610003,12089.3331996508,2495.14149376201,39301.8618499768,41797.0033437388,2596.56214594567,54215.1575331967,56811.7196791423
"7219","Sperandio",2013,5300.70166666106,544680.692682588,549981.39434925,34140.4300250269,2123108.26327544,2157248.69330046,47995.7892858219,2889096.53957642,2937092.32886224
"7220","Fong",2013,1631.32990498478,803.784469246821,2435.1143742316,11524.6041955213,18856.28472101,30380.8889165313,16068.0284435523,29420.0697618468,45488.0982053991
"7221","Barger",2013,14.2764578137721,295.112832927471,309.389290741243,1655.42142737373,1548.64649767166,3204.06792504539,2890.5283205934,1881.24463035989,4771.77295095329
"7223","Gilmer",2013,8021.88031231399,557.826088696428,8579.70640101042,48944.4237961037,29873.3190956656,78817.7428917693,74722.2327180913,50097.9926260021,124820.225344093
"7225","Hrdy",2013,2.69259758446531,0,2.69259758446531,312.219164919096,0,312.219164919096,545.16531168889,0,545.16531168889
"7237","Joe",2013,1286.20071829139,19885.7541545416,21171.9548728329,10800.0123670599,121269.42008674,132069.432453799,14781.7518116619,165299.582577019,180081.334388681
"7240","Tractor",2013,0,16943.5958204556,16943.5958204556,0,41178.6438688319,41178.6438688319,0,51804.7851885879,51804.7851885879
"7243","RLong",2013,0,1626.55067710278,1626.55067710278,0,1908.85822836348,1908.85822836348,0,1945.25972868982,1945.25972868982
"7250","Oakdale",2013,6612.77016515328,13349.0380238177,19961.808188971,11263.8028970707,206540.153506298,217803.956403368,12166.7750627219,304700.668759804,316867.443822526
"7258","Berm",2013,0,0,0,0,0,0,0,0,0
"7262","FongWest",2013,28.8348486871372,8423.04419288217,8451.8790415693,3343.53429922364,11508.0778921591,14851.6121913827,5838.13911247594,12077.5615387482,17915.7006512241
"7281","Rominger",2013,0,1948.10494979936,1948.10494979936,0,5250.20587717979,5250.20587717979,0,5901.99574231793,5901.99574231793
"7282","CR101",2013,42.0461852483887,11524.634610222,11566.6807954704,4875.44998258341,149000.206709804,153875.656692387,8513.01427978458,211662.645472998,220175.659752783
"7283","USS",2013,12024.2953511556,24695.6108920013,36719.9062431569,60328.781771835,171242.903456724,231571.685228559,76314.8523056175,233093.816733403,309408.66903902
"7347","DQU",2013,0,0,0,0,0,0,0,0,0
"7348","PutahCreek",2013,272.05249562413,8.67114493677346,280.723640560903,6350.4440506356,1005.45942946371,7355.90348009931,9594.72882172156,1755.63086717036,11350.3596888919
"7416","Johnston",2013,0,97.0272171691413,97.0272171691413,0,9364.5387433929,9364.5387433929,0,16239.5746191325,16239.5746191325
"7478","Loop",2013,0,6807.61419968432,6807.61419968432,0,189491.721899099,189491.721899099,0,316910.021279131,316910.021279131
"7492","Best",2013,0,10.7489732093071,10.7489732093071,0,1246.39324439342,1246.39324439342,0,2176.32495988111,2176.32495988111
"7538","BC2",2013,6538.77262402204,1278.76133284971,7817.53395687175,11180.7507071426,109526.636831953,120707.387539095,12150.7416809853,188946.765394185,201097.50707517
"7616","Chamberlain",2013,2513.85204900835,1045.23312588439,3559.08517489274,11273.9212869741,13938.170690184,25212.0919771581,15375.2234744661,20868.8184397352,36244.0419142013
"7744","Maria",2013,0,8655.13812901198,8655.13812901198,0,12869.6045328717,12869.6045328717,0,13721.8289963033,13721.8289963033
"8068","Zamora",2013,282.182629928042,11813.8318681309,12096.014498059,32720.3833127938,49029.8670520557,81750.2503648495,57133.001338728,59353.5675367146,116486.568875443
"8133","Butler",2013,0,0,0,0,0,0,0,0,0
"8245","CR29",2013,0,7892.59375516003,7892.59375516003,0,83066.9057588912,83066.9057588912,0,117893.350551851,117893.350551851
"8300","Harlan",2013,31112.151854128,29503.6372433431,60615.7890974712,162169.882016685,357543.499007115,519713.3810238,237703.168266819,531385.51606294,769088.684329759
"8595","MullerM",2013,6880.06006137181,0,6880.06006137181,49981.8956390478,0,49981.8956390478,70190.6226205979,0,70190.6226205979
"8738","H16",2013,25.1136653300133,342.642205602255,367.755870932268,2912.04584845211,13220.7480178153,16132.7938662674,5084.71791933436,21512.9966821981,26597.7146015324
"8984","Hatanaka",2013,46155.4534625414,26045.2825009003,72200.7359634417,276015.776379546,289685.021944712,565700.798324258,414692.42641194,461982.049868091,876674.476280032
"9022","CircleG",2013,0,1224.07863110911,1224.07863110911,0,4953.19111538985,4953.19111538985,0,5934.77010634918,5934.77010634918
"9667","MC1",2013,68.8073058004728,0,68.8073058004728,3565.18869847434,0,3565.18869847434,5963.51313590404,0,5963.51313590404
"11312","Fong",2014,1631.32990498478,803.784469246821,2435.1143742316,11524.6041955213,18856.28472101,30380.8889165313,16068.0284435523,29420.0697618468,45488.0982053991
"11314","Barger",2014,14.2764578137721,295.112832927471,309.389290741243,1655.42142737373,1548.64649767166,3204.06792504539,2890.5283205934,1881.24463035989,4771.77295095329
"11334","Butler",2014,0,0,0,0,0,0,0,0,0
"11340","Harlan",2014,31112.151854128,29503.6372433431,60615.7890974712,162169.882016685,357543.499007115,519713.3810238,237703.168266819,531385.51606294,769088.684329759
"11342","PutahCreek",2014,272.05249562413,8.67114493677346,280.723640560903,6350.4440506356,1005.45942946371,7355.90348009931,9594.72882172156,1755.63086717036,11350.3596888919
"11353","Rominger",2014,0,1948.10494979936,1948.10494979936,0,5250.20587717979,5250.20587717979,0,5901.99574231793,5901.99574231793
"11356","Best",2014,0,10.7489732093071,10.7489732093071,0,1246.39324439342,1246.39324439342,0,2176.32495988111,2176.32495988111
"11357","Loop",2014,0,6807.61419968432,6807.61419968432,0,189491.721899099,189491.721899099,0,316910.021279131,316910.021279131
"11359","FongWest",2014,28.8348486871372,8423.04419288217,8451.8790415693,3343.53429922364,11508.0778921591,14851.6121913827,5838.13911247594,12077.5615387482,17915.7006512241
"11370","Sperandio",2014,5300.70166666106,544680.692682588,549981.39434925,34140.4300250269,2123108.26327544,2157248.69330046,47995.7892858219,2889096.53957642,2937092.32886224
"11371","RLong",2014,0,1626.55067710278,1626.55067710278,0,1908.85822836348,1908.85822836348,0,1945.25972868982,1945.25972868982
"11381","Gregory",2014,0,722.783058146278,722.783058146278,0,20770.8110398836,20770.8110398836,0,32530.4281547852,32530.4281547852
"11389","Turkovich",2014,94107.8337965697,2248.6591355165,96356.4929320862,214818.787181235,24022.2587607693,238841.045942004,258851.893428296,34897.2905790423,293749.184007338
"11413","BC2",2014,6538.77262402204,1278.76133284971,7817.53395687175,11180.7507071426,109526.636831953,120707.387539095,12150.7416809853,188946.765394185,201097.50707517
"11417","Hrdy",2014,2.69259758446531,0,2.69259758446531,312.219164919096,0,312.219164919096,545.16531168889,0,545.16531168889
"11422","Tractor",2014,0,16943.5958204556,16943.5958204556,0,41178.6438688319,41178.6438688319,0,51804.7851885879,51804.7851885879
"11423","CR29",2014,0,7892.59375516003,7892.59375516003,0,83066.9057588912,83066.9057588912,0,117893.350551851,117893.350551851
"11444","Barn",2014,20910.6034717453,451195.678644774,472106.282116519,61040.5390345212,1910237.04009466,1971277.57912918,78225.1829621888,2544111.49644478,2622336.67940697
"11452","Spiva",2014,2494.25454856079,634065.799145224,636560.053693785,10917.0930081636,1949038.18000929,1959955.27301745,13312.9741078873,2542560.58980768,2555873.56391556
"11463","MullerB",2014,0,2989.69387600343,2989.69387600343,0,8808.58837930482,8808.58837930482,0,10629.2635890986,10629.2635890986
"11486","Zamora",2014,282.182629928042,11813.8318681309,12096.014498059,32720.3833127938,49029.8670520557,81750.2503648495,57133.001338728,59353.5675367146,116486.568875443
"11490","CR101",2014,42.0461852483887,11524.634610222,11566.6807954704,4875.44998258341,149000.206709804,153875.656692387,8513.01427978458,211662.645472998,220175.659752783
"11510","MullerM",2014,6880.06006137181,0,6880.06006137181,49981.8956390478,0,49981.8956390478,70190.6226205979,0,70190.6226205979
"11511","Berm",2014,0,0,0,0,0,0,0,0,0
"11526","Johnston",2014,0,97.0272171691413,97.0272171691413,0,9364.5387433929,9364.5387433929,0,16239.5746191325,16239.5746191325
"11541","DQU",2014,0,0,0,0,0,0,0,0,0
"11696","Maria",2014,0,8655.13812901198,8655.13812901198,0,12869.6045328717,12869.6045328717,0,13721.8289963033,13721.8289963033
"11745","YoloAirport",2014,678.329466450663,14402.9479553436,15081.2774217943,4676.97443778286,48645.7118979275,53322.6863357104,6058.61728168989,63114.9424671493,69173.5597488392
"11768","Hatanaka",2014,46155.4534625414,26045.2825009003,72200.7359634417,276015.776379546,289685.021944712,565700.798324258,414692.42641194,461982.049868091,876674.476280032
"11847","CircleG",2014,0,1224.07863110911,1224.07863110911,0,4953.19111538985,4953.19111538985,0,5934.77010634918,5934.77010634918
"11907","CR101Control",2014,1776.3797386505,10312.9534610003,12089.3331996508,2495.14149376201,39301.8618499768,41797.0033437388,2596.56214594567,54215.1575331967,56811.7196791423
"11964","Joe",2014,1286.20071829139,19885.7541545416,21171.9548728329,10800.0123670599,121269.42008674,132069.432453799,14781.7518116619,165299.582577019,180081.334388681
"11968","H16",2014,25.1136653300133,342.642205602255,367.755870932268,2912.04584845211,13220.7480178153,16132.7938662674,5084.71791933436,21512.9966821981,26597.7146015324
"12401","USS",2014,12024.2953511556,24695.6108920013,36719.9062431569,60328.781771835,171242.903456724,231571.685228559,76314.8523056175,233093.816733403,309408.66903902
"12522","Chamberlain",2014,2513.85204900835,1045.23312588439,3559.08517489274,11273.9212869741,13938.170690184,25212.0919771581,15375.2234744661,20868.8184397352,36244.0419142013
"12583","Butler",2015,0,0,0,0,0,0,0,0,0
"12587","DQU",2015,0,0,0,0,0,0,0,0,0
"12589","Hrdy",2015,2.69259758446531,0,2.69259758446531,312.219164919096,0,312.219164919096,545.16531168889,0,545.16531168889
"12608","Gregory",2015,0,722.783058146278,722.783058146278,0,20770.8110398836,20770.8110398836,0,32530.4281547852,32530.4281547852
"12614","Turkovich",2015,94107.8337965697,2248.6591355165,96356.4929320862,214818.787181235,24022.2587607693,238841.045942004,258851.893428296,34897.2905790423,293749.184007338
"12657","PutahCreek",2015,272.05249562413,8.67114493677346,280.723640560903,6350.4440506356,1005.45942946371,7355.90348009931,9594.72882172156,1755.63086717036,11350.3596888919
"12658","Barger",2015,14.2764578137721,295.112832927471,309.389290741243,1655.42142737373,1548.64649767166,3204.06792504539,2890.5283205934,1881.24463035989,4771.77295095329
"12667","MC1",2015,68.8073058004728,0,68.8073058004728,3565.18869847434,0,3565.18869847434,5963.51313590404,0,5963.51313590404
"12678","MullerB",2015,0,2989.69387600343,2989.69387600343,0,8808.58837930482,8808.58837930482,0,10629.2635890986,10629.2635890986
"12686","H16",2015,25.1136653300133,342.642205602255,367.755870932268,2912.04584845211,13220.7480178153,16132.7938662674,5084.71791933436,21512.9966821981,26597.7146015324
"12702","Sperandio",2015,5300.70166666106,544680.692682588,549981.39434925,34140.4300250269,2123108.26327544,2157248.69330046,47995.7892858219,2889096.53957642,2937092.32886224
"12704","Gilmer",2015,8021.88031231399,557.826088696428,8579.70640101042,48944.4237961037,29873.3190956656,78817.7428917693,74722.2327180913,50097.9926260021,124820.225344093
"12716","Rominger",2015,0,1948.10494979936,1948.10494979936,0,5250.20587717979,5250.20587717979,0,5901.99574231793,5901.99574231793
"12802","Berm",2015,0,0,0,0,0,0,0,0,0
"12919","Chamberlain",2015,2513.85204900835,1045.23312588439,3559.08517489274,11273.9212869741,13938.170690184,25212.0919771581,15375.2234744661,20868.8184397352,36244.0419142013
