"GenusSpecies","degree","proportional.generality","d","r.degree","temp.mean","max.temp","temp.range","doy.mean","max.doy","doy.range","occ.date","NestLoc","Excavate","Sociality","Lecty","MeanITD","abun.net","abun.pan","bee.syr","mean.abun.net"
"Achillea millefolium",9,0.473842110642891,0.115744518883644,17,NA,NA,NA,NA,NA,NA,0.0202068289754428,NA,NA,NA,NA,NA,NA,NA,"plant",0.0938029577500854
"Acmispon americanus",2,0.184505398357226,0.877286589152925,2,NA,NA,NA,NA,NA,NA,0.000597371565113501,NA,NA,NA,NA,NA,NA,NA,"plant",0.0029868578255675
"Acmispon glaber",3,0.258804078076403,0.51309149437281,3.5,NA,NA,NA,NA,NA,NA,0.00144626799974847,NA,NA,NA,NA,NA,NA,NA,"plant",0.00383575426020248
"Aesculus californica",2,0.188258164450022,0,3,NA,NA,NA,NA,NA,NA,0.000597371565113501,NA,NA,NA,NA,NA,NA,NA,"plant",0.001194743130227
"Agapostemon texanus",10,0.464266331091468,0.165197010626731,16.25,25.9363636363636,32.85,10.2,174.727272727273,229,107,0.0228228424801005,"below","ex","solitary","polylectic",1.980487805,33,360,"bee",0.0192332143146668
"Alyssum sp.",2,0.165174451972541,0.16148851401233,2,NA,NA,NA,NA,NA,NA,0.000733137829912023,NA,NA,NA,NA,NA,NA,NA,"plant",0.00293255131964809
"Ambrosia sp.",1,0.0941290822250112,0.0228221713353194,1,NA,NA,NA,NA,NA,NA,0.000597371565113501,NA,NA,NA,NA,NA,NA,NA,"plant",0.000597371565113501
"Ammi visnaga",16,0.678238006597545,0.111543172335762,20.5,NA,NA,NA,NA,NA,NA,0.00632767085328755,NA,NA,NA,NA,NA,NA,NA,"plant",0.189601216830818
"Anagallis arvensis",3,0.208716880656444,0.138901525760162,4,NA,NA,NA,NA,NA,NA,0.00256166982922201,NA,NA,NA,NA,NA,NA,NA,"plant",0.00553447185325743
"Andrena angustitarsata",2,0.114305708194249,0.67253411263831,2,26.1666666666667,30.1,6.05,124.666666666667,130,16,0.0081609396914446,"below","ex","solitary","polylectic",1.804878049,252,2,"bee",0.00200255240577821
"Andrena auricoma",7,0.430824377018226,0.478692887036646,13.25,25.95,28.45,6.2,116.666666666667,133,26,0.00565079643358044,"below","ex","solitary","polylectic",1.619512195,5,0,"bee",0.00938009123492995
"Andrena candida",11,0.518998743274691,0.617191283095238,20,27.1923076923077,34.95,12.55,122.884615384615,140,48,0.0309087004432376,"below","ex","solitary","polylectic",1.648780488,0,0,"bee",0.0276909462605558
"Andrena cerasifolii",4,0.203824955006976,0.314446438485234,4.5,26.4352941176471,32.75,10.5,148.764705882353,175,53,0.0115364291719029,"below","ex","solitary","polylectic",2.563739771,0,0,"bee",0.0210776524180306
"Andrena chlorogaster",5,0.239758884194418,0.27544387851575,11,23.7222222222222,30.2,9.8,111.777777777778,123,32,0.00810866967949717,"below","ex","solitary","polylectic",1.23902439,35,1,"bee",0.0110446742799684
"Andrena cressonii infasciata",5,0.29024241966975,0.592888490593468,9.5,26.01,28.55,5.1,117.8,134,32,0.00520985851455697,"below","ex","solitary","polylectic",2.146341463,0,0,"bee",0.00556835637480799
"Andrena knuthiana",6,0.355058973978591,0.566144841597927,8.25,25.325,32.15,9.6,110.5,135,43,0.00536625113238016,"below","ex","solitary","polylectic",1.36487636,0,1,"bee",0.0119397469492346
"Andrena melanochroa",1,0.0651401671197509,0.62855537011519,1,21.8,21.8,0,107,107,1,0.00168970814132104,NA,NA,NA,NA,NA,NA,NA,"bee",0.000672043010752688
"Andrena nigrocaerulea",1,0.0651401671197509,0.00522169887176813,1,20.25,20.25,0,119,119,1,0.000672043010752688,"below","ex","solitary","polylectic",1.912195122,0,0,"bee",0.000597371565113501
"Andrena orthocarpi",1,0.0651401671197509,0.00522169887176813,1,29.2,29.2,0,121,121,1,0.00134408602150538,"below","ex","solitary","polylectic",1.482926829,0,1,"bee",0.00094876660341556
"Andrena piperi",5,0.260560668479003,0.334261096385917,11,23.30625,29.55,7.84999999999999,112,130,39,0.00332367077944601,"below","ex","solitary","polylectic",1.375609756,1,3,"bee",0.00895600579386657
"Andrena scurra",1,0.0651401671197509,0.111839149661061,1,23.06,24.95,4.7,112,119,11,0.00283218125960061,"below","ex","solitary","polylectic",1.96104424,0,0,"bee",0.00390270107353416
"Andrena semipunctata",1,0.0651401671197509,0.448322645414538,1,23.95,23.95,0,127,127,1,0.000537634408602151,"below","ex","solitary","oligolectic",1.950819672,8,3,"bee",0.000733137829912023
"Andrena subaustralis",1,0.0651401671197509,0.520300622907885,1,26.15,26.15,0,109,109,1,0.000701262272089762,"below","ex","solitary","oligolectic",2.109944665,0,0,"bee",0.000597371565113501
"Andrena subchalybea",2,0.123107201621766,0.377825298933718,2.5,25.1333333333333,28.1,4.45,124,126,4,0.0021505376344086,"below","ex","solitary","oligolectic",1.56097561,0,0,"bee",0.00282258064516129
"Andrena w-scripta",1,0.0651401671197509,0.719074868016082,1,27.3,27.3,0,160,160,1,0.000896057347670251,"below","ex","solitary","polylectic",1.736585366,0,0,"bee",0.000597371565113501
"Anthemis cotula",12,0.457018758219734,0.111368650348932,18.25,NA,NA,NA,NA,NA,NA,0.0108942586998614,NA,NA,NA,NA,NA,NA,NA,"plant",0.0446548882796761
"Anthidiellum notatum robertsoni",7,0.317601970868827,0.330192629504993,9.25,28.8736842105263,32.25,7.35,199.894736842105,226,73,0.0150649903398399,"above","rent","solitary","polylectic",2.183739771,3,16,"bee",0.0172926386636064
"Anthidium manicatum",1,0.0651401671197509,0.363094482968175,1,22.8,22.8,0,143,143,1,0.000701262272089762,"above","rent","solitary","polylectic",2.241171223,0,0,"bee",0.000597371565113501
"Anthophora urbana",17,0.614023241761533,0.480524920234799,21.9,27.0456565656364,32.65,10.8,186.636363636364,230,114,0.0923650194013247,"below","ex","solitary","polylectic",2.975609756,0,0,"bee",0.042521265910367
"Artemesia sp.",1,0.0941290822250112,0.0228221713353194,1,NA,NA,NA,NA,NA,NA,0.0010752688172043,NA,NA,NA,NA,NA,NA,NA,"plant",0.0010752688172043
"Artemisia douglasii",2,0.177892818153865,0.164463132791742,2.5,NA,NA,NA,NA,NA,NA,0.00168190443332758,NA,NA,NA,NA,NA,NA,NA,"plant",0.00241504226323961
"Asclepias curassavica",1,0.0941290822250112,0.31125536566301,1,NA,NA,NA,NA,NA,NA,0.00124069478908189,NA,NA,NA,NA,NA,NA,NA,"plant",0.00124069478908189
"Asclepias fascicularis",10,0.559890105599245,0.222704348850546,12.6666666666667,NA,NA,NA,NA,NA,NA,0.00901080919332193,NA,NA,NA,NA,NA,NA,NA,"plant",0.0291830069886097
"Ashmeadiella aridula astragali",12,0.475745755484602,0.259245466181081,40,30.08458333325,38,15.1,177.170731707317,222,103,0.0340055232517511,"above","rent","solitary","polylectic",1.314240528,0,1,"bee",0.0453207192912222
"Ashmeadiella bucconis denticulata",6,0.222658653323646,0.456146093962211,8.25,28.1789473684211,32.3,8.5,176.842105263158,213,61,0.00987423195084485,"above","rent","solitary","oligolectic",1.5228916,0,0,"bee",0.0183211436393076
"Ashmeadiella cactorum basalis",1,0.0651401671197509,0.887916016136084,1,32.25,32.25,0,154,154,1,0.00376344086021505,"above","rent","solitary","polylectic",1.2081632,194,35,"bee",0.001194743130227
"Aster chilensis",3,0.282387246675034,0.146536373797364,6,NA,NA,NA,NA,NA,NA,0.000556173526140156,NA,NA,NA,NA,NA,NA,NA,"plant",0.00166852057842047
"Atriplex lentiformis",4,0.209544558376623,0.252060082630185,4,NA,NA,NA,NA,NA,NA,0.0122023568181063,NA,NA,NA,NA,NA,NA,NA,"plant",0.0408809705299269
"Baccharis salicifolia",10,0.853591269729447,0.323721133974466,42,NA,NA,NA,NA,NA,NA,0.00739711304227433,NA,NA,NA,NA,NA,NA,NA,"plant",0.0141347750218718
"Bombus californicus",18,0.717552150541009,0.572273600987007,22.1666666666667,27.5397777777333,34.1,11.7,168.96,217,103,0.0296464146215877,"mix","rent","social","polylectic",3.32195102,11,1,"bee",0.0939997107961796
"Bombus crotchii",4,0.126016566589405,0.616943735130963,7,28.3571895417647,30,5.7,125.058823529412,165,49,0.00226213636157988,"below","rent","social","polylectic",5.3,61,122,"bee",0.0145557821447699
"Bombus melanopygus",7,0.309613373826112,0.405024436327089,10,25.4507246376087,34.35,11.9,132.130434782609,159,57,0.014922882694226,"mix","rent","social","polylectic",3.86,28,3,"bee",0.0179858480447845
"Bombus vandykei",2,0.130280334239502,0.359691875304026,3,23.05,24.9,3.7,161.5,180,38,0.00352570110069092,NA,"rent","social","polylectic",3.6285714,3,1,"bee",0.00120967741935484
"Bombus vosnesenskii",20,0.699571203756503,0.451113886626066,20.6428571428571,27.4262437810448,34.1,11.95,164.05223880597,213,97,0.0356692005977454,"below","rent","social","polylectic",3.551219512,1,0,"bee",0.130861650491769
"Brassica sp.",65,0.624329306418392,0.0922331408966682,89.2,NA,NA,NA,NA,NA,NA,0.245891774264275,NA,NA,NA,NA,NA,NA,NA,"plant",2.42334786262538
"Buddleja davidii",6,0.457492643865531,0.422805947184361,16,NA,NA,NA,NA,NA,NA,NA,NA,NA,NA,NA,NA,NA,NA,"plant",NA
"Calendula officinalis",7,0.470915886252874,0.107492044166962,8.5,NA,NA,NA,NA,NA,NA,0.00980153359185617,NA,NA,NA,NA,NA,NA,NA,"plant",0.0191653328750103
"Calliopsis hesperia equina",2,0.123107201621766,0.379459488397545,2.5,25.95,25.95,0,218,218,1,0.000806451612903226,"below","ex","solitary","oligolectic",1.2705572,17,1,"bee",0.00403225806451613
"Calliopsis scitula",1,0.0651401671197509,0.456550767261715,1,28.3,28.3,0,168,168,1,0.000806451612903226,"below","ex","solitary","polylectic",1.4081632,28,1,"bee",0.00201612903225806
"Calliopsis scutellaris",1,0.0651401671197509,0.539916449646838,1,24.8,27.75,5.9,186,205,39,0.00161290322580645,"below","ex","solitary","polylectic",1.6625,6,1,"bee",0.00291218637992832
"Capsella bursa-pastoris",2,0.165174451972541,0.032816174770349,2,NA,NA,NA,NA,NA,NA,0.00113500597371565,NA,NA,NA,NA,NA,NA,NA,"plant",0.00221027479091995
"Carduus pycnocephalus",19,0.899362684932875,0.182296070702403,32.5,NA,NA,NA,NA,NA,NA,0.0476254926593066,NA,NA,NA,NA,NA,NA,NA,"plant",0.0920376257065753
"Ceanothus cuneatus",1,0.0941290822250112,0.613043515180226,1,NA,NA,NA,NA,NA,NA,0.000848896434634975,NA,NA,NA,NA,NA,NA,NA,"plant",0.000848896434634975
"Ceanothus hearstiorum",4,0.355785636307731,0.375236589145191,5,NA,NA,NA,NA,NA,NA,0.00293040293040293,NA,NA,NA,NA,NA,NA,NA,"plant",0.00665248729764859
"Ceanothus sp.",14,1.08865408840122,0.340143786346579,32,NA,NA,NA,NA,NA,NA,0.0178140100815623,NA,NA,NA,NA,NA,NA,NA,"plant",0.0507027611154746
"Centaurea cyanus",2,0.165174451972541,0.343834664054869,2,NA,NA,NA,NA,NA,NA,0.00127077223851417,NA,NA,NA,NA,NA,NA,NA,"plant",0.00234604105571848
"Centaurea solstitialis",28,0.825917650812445,0.165351445187334,64,NA,NA,NA,NA,NA,NA,0.0850990361061513,NA,NA,NA,NA,NA,NA,NA,"plant",0.538690963021853
"Centromadia parryi",1,0.0941290822250112,0.143609704550053,1,NA,NA,NA,NA,NA,NA,0.000672043010752688,NA,NA,NA,NA,NA,NA,NA,"plant",0.00739247311827957
"Centromadia pungens",1,0.0941290822250112,0,1,NA,NA,NA,NA,NA,NA,0.00124069478908189,NA,NA,NA,NA,NA,NA,NA,"plant",0.00124069478908189
"Centromedia pungens",2,0.188258164450022,0.0770402016405722,3,NA,NA,NA,NA,NA,NA,0.000537634408602151,NA,NA,NA,NA,NA,NA,NA,"plant",0.0010752688172043
"Ceratina acantha",27,0.492219031655148,0.201145015796295,43.6666666666667,27.428401360523,38.75,17.15,155.923469387755,226,134,0.0933287656366404,"above","ex","solitary","polylectic",1.154098361,165,2,"bee",0.334349054022719
"Ceratina arizonensis",12,0.33501031104114,0.304462021420306,18.25,29.0546511627907,38.75,15.35,175.988372093023,226,100,0.0316528640849717,"above","ex","solitary","polylectic",0.8524590164,3,2,"bee",0.13301390579031
"Ceratina dallatorreana",13,0.22625203939832,0.120608242407408,53.5,28.0435185185417,34.55,12.55,194.59375,225,117,0.0534728122592327,"above","ex","solitary","polylectic",1.285245902,3,0,"bee",0.0777318070653786
"Ceratina nanula",12,0.261113131423059,0.108331969692526,18,27.0552941176471,37.85,17.45,172.258823529412,225,116,0.0414190779703114,"above","ex","solitary","polylectic",1.02295082,1,0,"bee",0.0638632214361619
"Ceratina punctigena",1,0.0651401671197509,0.379291702919162,1,24.65,24.65,0,125,125,1,0.000504032258064516,"above","ex","solitary","polylectic",1.619512195,2,2,"bee",0.00124069478908189
"Ceratina timberlakei",1,0.0651401671197509,0.661732434947911,1,32.1,32.1,0,127,127,1,0.000504032258064516,"above","ex","solitary","polylectic",1.264,101,168,"bee",0.000576036866359447
"Chamaesyce maculata",2,0.165174451972541,0.0203457540477619,2,NA,NA,NA,NA,NA,NA,0.000896057347670251,NA,NA,NA,NA,NA,NA,NA,"plant",0.003584229390681
"Chenopodium album",4,0.200162544257815,0.189096631521269,4.5,NA,NA,NA,NA,NA,NA,0.0103565596475589,NA,NA,NA,NA,NA,NA,NA,"plant",0.0204013183741864
"Cirsium arvensis",1,0.0941290822250112,0.0228221713353194,1,NA,NA,NA,NA,NA,NA,0.000896057347670251,NA,NA,NA,NA,NA,NA,NA,"plant",0.000896057347670251
"Cirsium vulgare",6,0.432410102148245,0.167850512214667,8.25,NA,NA,NA,NA,NA,NA,0.00524406895374637,NA,NA,NA,NA,NA,NA,NA,"plant",0.0106502816180236
"Cistus purpureus",1,0.0941290822250112,0.0948165100285933,1,NA,NA,NA,NA,NA,NA,NA,NA,NA,NA,NA,NA,NA,NA,"plant",NA
"Cistus skanbergii",4,0.355785636307731,0.131562321588413,5,NA,NA,NA,NA,NA,NA,NA,NA,NA,NA,NA,NA,NA,NA,"plant",NA
"Clarkia williamsonii",4,0.316611231256536,0.0828500201073665,6,NA,NA,NA,NA,NA,NA,0.000597371565113501,NA,NA,NA,NA,NA,NA,NA,"plant",0.004778972520908
"Coelioxys apacheiorum",1,0.0651401671197509,0.156494765971613,1,23.5,23.5,0,148,148,1,0.00134408602150538,NA,"rent","solitary","parasite",2.3469388,1,1,"bee",0.000597371565113501
"Coelioxys gilensis",2,0.130280334239502,0.271504862448399,3,25.85,30.5,9.3,149,155,13,0.00109632822952282,NA,"rent","solitary","parasite",2,0,0,"bee",0.00201612903225806
"Coelioxys novomexicana",1,0.0651401671197509,0.264819920725388,1,29.725,33.8,7.55,187.5,221,54,0.00567076292882744,NA,"rent","solitary","parasite",2.55170892,0,0,"bee",0.00488601899892223
"Coelioxys octodentata",3,0.179100236597127,0.158703484236819,3.5,29.3916666666667,31.65,5,199,230,102,0.002986625926668,NA,"rent","solitary","parasite",2.29954924,1,0,"bee",0.00590134178843856
"Colletes fulgidus",1,0.0651401671197509,0.62855537011519,1,28.55,28.55,0,121,121,1,0.000701262272089762,NA,NA,NA,NA,NA,NA,NA,"bee",0.00124069478908189
"Colletes hyalinus",1,0.0651401671197509,0.950402047021012,1,35.75,35.75,0,206,206,1,0.00146627565982405,"below","ex","solitary","oligolectic",2.16842874,0,0,"bee",0.0017921146953405
"Convolvulus arvensis",43,0.370526990042378,0.184502487204542,67.0833333333333,NA,NA,NA,NA,NA,NA,0.301692339911381,NA,NA,NA,NA,NA,NA,NA,"plant",2.3172672101072
"Coriandrum sativum",1,0.0941290822250112,0,1,NA,NA,NA,NA,NA,NA,0.000896057347670251,NA,NA,NA,NA,NA,NA,NA,"plant",0.000896057347670251
"Croton setigerus",8,0.329362753800859,0.0583758864704618,16,NA,NA,NA,NA,NA,NA,0.00787287682448973,NA,NA,NA,NA,NA,NA,NA,"plant",0.0442551027228447
"Datura wrightii",3,0.235363691443051,0.0438201146469357,3,NA,NA,NA,NA,NA,NA,0.00304774377355023,NA,NA,NA,NA,NA,NA,NA,"plant",0.00968316331219557
"Diadasia conociata",1,0.0651401671197509,0,1,32.4,32.4,0,192,192,1,0.0029441884280594,NA,NA,NA,NA,NA,NA,NA,"bee",0.000672043010752688
"Diadasia consociata",2,0.107441207279475,0.187091056545943,2,26.475,28.5,4.15,190.5,223,65,0.00636040706605223,"below","ex","solitary","oligolectic",1.790731707,6,0,"bee",0.00365547776396432
"Diadasia diminuta",1,0.0651401671197509,0.79245388458691,1,24.4,24.4,0,209,209,1,0.000576036866359447,"below","ex","solitary","oligolectic",2.232,6,0,"bee",0.00254668930390492
"Diadasia enavata",14,0.551344710531333,0.187340061461019,32,28.1467741935484,40.85,18.1,216.677419354839,229,65,0.0413723565554915,"below","ex","solitary","oligolectic",2.815121951,0,0,"bee",0.0735146302705028
"Diadasia ochracea",1,0.0651401671197509,0.525181443139289,1,40.85,40.85,0,226,226,1,0.00094876660341556,"below","ex","solitary","oligolectic",2.1166665,7,1,"bee",0.000672043010752688
"Dianthidium ulkei",1,0.0651401671197509,0.354194396097967,1,31.15,31.15,0,213,213,1,0.000576036866359447,"mix","rent","solitary","oligolectic",2.019514961,0,20,"bee",0.00094876660341556
"Dipsacus fullonum",4,0.355785636307731,0.388534750099857,5,NA,NA,NA,NA,NA,NA,0.00446650124069479,NA,NA,NA,NA,NA,NA,NA,"plant",0.0114143920595534
"Epilobium campestre",4,0.308611383027904,0.530629997289149,4,NA,NA,NA,NA,NA,NA,0.00239423988033554,NA,NA,NA,NA,NA,NA,NA,"plant",0.0124402232299896
"Epilobium canum",2,0.177892818153865,0.603045513978179,2.5,NA,NA,NA,NA,NA,NA,0.00134408602150538,NA,NA,NA,NA,NA,NA,NA,"plant",0.00201612903225806
"Eremocarpus setigerus",5,0.410825865792142,0.0897153208974226,6,NA,NA,NA,NA,NA,NA,0.00246415770609319,NA,NA,NA,NA,NA,NA,NA,"plant",0.0118727598566308
"Erigeron bonariensis",2,0.177892818153865,0.21665295055398,2.5,NA,NA,NA,NA,NA,NA,0.002389486260454,NA,NA,NA,NA,NA,NA,NA,"plant",0.0041816009557945
"Erigeron canadensis",1,0.0941290822250112,0.152322178599596,1,NA,NA,NA,NA,NA,NA,0.00115207373271889,NA,NA,NA,NA,NA,NA,NA,"plant",0.00115207373271889
"Eriogonum fasciculatum",52,1.38062299978893,0.349287635758262,133,NA,NA,NA,NA,NA,NA,0.0909206452417219,NA,NA,NA,NA,NA,NA,NA,"plant",1.02722709162305
"Erodium cicutarium",5,0.317365833228656,0.175816948359434,8,NA,NA,NA,NA,NA,NA,0.0118840622946062,NA,NA,NA,NA,NA,NA,NA,"plant",0.0145299379243528
"Eschscholzia californica",15,0.505086387405362,0.154787355758928,39.5,NA,NA,NA,NA,NA,NA,0.0394210174415607,NA,NA,NA,NA,NA,NA,NA,"plant",0.177878264306796
"Eucera actuosa",8,0.202887834932066,0.642893251848726,12,29.0045321628947,32.15,10.15,121.394736842105,173,57,0.0134115562868164,"below","ex","solitary","polylectic",2.731707317,78,115,"bee",0.0260334697077707
"Eucera frater albopilosa",1,0.0651401671197509,0.431040682492691,1,25.666666665,25.666666665,0,114,114,1,0.000537634408602151,"below","ex","solitary","polylectic",3.9,1,0,"bee",0.000537634408602151
"Euphorbia peplus",2,0.177892818153865,0.1492545942955,2,NA,NA,NA,NA,NA,NA,0.00113500597371565,NA,NA,NA,NA,NA,NA,NA,"plant",0.00340501792114695
"Foeniculum vulgare",6,0.245429009106388,0.18639558084944,7,NA,NA,NA,NA,NA,NA,0.0131309832423385,NA,NA,NA,NA,NA,NA,NA,"plant",0.102671372047433
"Frangula californica",17,0.877118371941388,0.203833330905182,33.6666666666667,NA,NA,NA,NA,NA,NA,0.0212638308700927,NA,NA,NA,NA,NA,NA,NA,"plant",0.0660278324177755
"Frangula tomentella",9,0.681210643204963,0.512121114126042,9.5,NA,NA,NA,NA,NA,NA,0.00646244436567017,NA,NA,NA,NA,NA,NA,NA,"plant",0.0255140021269054
"Fremontodendron californica",9,0.728804549315596,0.45875593517113,15.25,NA,NA,NA,NA,NA,NA,0.00301147478566833,NA,NA,NA,NA,NA,NA,NA,"plant",0.0108019220922447
"Grindelia camporum",15,0.528680512835235,0.114883902989796,55.5,NA,NA,NA,NA,NA,NA,0.0226919151419801,NA,NA,NA,NA,NA,NA,NA,"plant",0.131208672214115
"Grindelia hirsutula",15,0.599130627155207,0.273380269811125,30,NA,NA,NA,NA,NA,NA,0.024932843805809,NA,NA,NA,NA,NA,NA,NA,"plant",0.20382540936321
"Halictus farinosus",1,0.0651401671197509,0.305340568111477,1,22.2,22.2,0,153,153,1,0.00588037634408602,"below","ex","social","polylectic",2.126829268,30,0,"bee",0.000597371565113501
"Halictus ligatus",47,0.794407815234064,0.167783835125671,61.0625,26.9480229172485,40.85,20.6,187.461668070767,229,121,0.358708511416388,"below","ex","social","polylectic",1.531707317,147,1,"bee",0.960133268977465
"Halictus tripartitus",77,0.532665539551875,0.150406885308422,99.05,27.0413195234828,40.85,21.7,181.473396998636,230,139,0.627882258454067,"below","ex","social","polylectic",1.2915664,70,991,"bee",2.76044331832667
"Helenium puberulum",2,0.141851874200625,0.20177451851425,2,NA,NA,NA,NA,NA,NA,0.00127077223851417,NA,NA,NA,NA,NA,NA,NA,"plant",0.00395894428152493
"Helianthus annuus",8,0.676487543885673,0.337733952161376,26,NA,NA,NA,NA,NA,NA,0.00755789909015716,NA,NA,NA,NA,NA,NA,NA,"plant",0.0145368072787428
"Heliotropium curassavicum",14,0.86691778663803,0.39973993901515,14.5,NA,NA,NA,NA,NA,NA,0.00873655913978495,NA,NA,NA,NA,NA,NA,NA,"plant",0.116935483870968
"Heriades occidentalis",1,0.0651401671197509,0.156494765971613,1,26.5,26.5,0,175,175,1,0.0126728110599078,"above","rent","solitary","polylectic",1.396721312,0,0,"bee",0.000806451612903226
"Heteromeles arbutifolia",26,0.658139164394359,0.105301424792523,36.125,NA,NA,NA,NA,NA,NA,0.0463718795973203,NA,NA,NA,NA,NA,NA,NA,"plant",0.250687640311346
"Hirschfeldia incana",1,0.0941290822250112,0.753029604873134,1,NA,NA,NA,NA,NA,NA,0.000537634408602151,NA,NA,NA,NA,NA,NA,NA,"plant",0.000537634408602151
"Holodiscus discolor",1,0.0941290822250112,0.0228221713353194,1,NA,NA,NA,NA,NA,NA,0.000597371565113501,NA,NA,NA,NA,NA,NA,NA,"plant",0.000597371565113501
"Hoplitis producta gracilis",5,0.29024241966975,0.38528642125652,9.5,27.0027777775,30.4,6.8,127.875,160,44,0.0108791611132922,"above","rent","solitary","polylectic",1.26557377,994,83,"bee",0.0101508742359688
"Hylaeus bisinuatus",4,0.190582317062965,0.110004301614132,7,29.0571428571429,32.65,8.7,161.714285714286,199,73,0.0055862155823134,"above","rent","solitary","polylectic",1.1461212,0,0,"bee",0.00681504875053262
"Hylaeus calvus",5,0.253285983619887,0.761686435364884,6,25.4916666666667,28.45,8.05,121.666666666667,151,60,0.00714007435606314,"above","rent","solitary","polylectic",1.160655738,3,0,"bee",0.0147605365771749
"Hylaeus conspicuus",8,0.310333604492151,0.30463692268464,16,27.4494047617857,32.83333333,10.03333333,178.5,222,108,0.0186644113055403,"above","rent","solitary","polylectic",1.1518072,2,0,"bee",0.022008097901176
"Hylaeus episcopalis",1,0.0651401671197509,0.156494765971613,1,27.95,27.95,0,172,172,1,0.00146627565982405,"above","rent","solitary","polylectic",1.277551,1659,1142,"bee",0.000597371565113501
"Hylaeus leptocephalus",2,0.123107201621766,0.22774894669067,2.5,24.9,28,6.2,140,173,67,0.0020497311827957,"above","rent","solitary","oligolectic",1.144764029,5254,27529,"bee",0.00162080961416825
"Hylaeus mesillae",25,0.683187993661032,0.259424031484327,31.125,28.1746187363725,38.75,18.5,174.369281045752,226,135,0.16221375013988,"above","rent","solitary","polylectic",0.94375,294,58,"bee",0.257679367869888
"Hylaeus rudbeckiae",4,0.216024251815612,0.395496658451323,4.5,25.89,30.6,6.75,182.3,222,68,0.00992940967576764,"above","rent","solitary","polylectic",0.9669902912,4,0,"bee",0.0103115522470361
"Kickxia elatine",2,0.177892818153865,0.0124420243630826,2.5,NA,NA,NA,NA,NA,NA,0.00126941457586619,NA,NA,NA,NA,NA,NA,NA,"plant",0.00194145758661888
"Lactuca serriola",10,0.554468212247575,0.118185741549316,13,NA,NA,NA,NA,NA,NA,0.024360808882433,NA,NA,NA,NA,NA,NA,NA,"plant",0.0649825621379097
"Lasioglossum (Dialictus) brunneiiventre",4,0.233591911484049,0.0631360976304756,6,24.9428571428571,30.65,7.65,147,157,42,0.0194242585371618,"below","ex","social","polylectic",0.9299841336,0,0,"bee",0.0133127717666094
"Lasioglossum (Dialictus) diversopunctatum",22,0.628610802802574,0.0942816310672595,42.25,26.4223684210526,35.8,14.8,186.877192982456,230,119,0.0845850410498026,"below","ex","social","polylectic",1.298360656,0,0,"bee",0.110951498838814
"Lasioglossum (Dialictus) impavidum",3,0.160259987228994,0.0905583354333367,3.5,28.3928571428571,30.65,8,164.571428571429,177,21,0.0128360215053763,"below","ex","social","polylectic",1.016393443,0,0,"bee",0.0173387096774194
"Lasioglossum (Dialictus) incompletum",88,0.704783029536116,0.11008911514045,125.555555555556,26.6472214373086,40.85,21.1,178.847605633803,230,138,0.672274695768604,"below","ex","social","polylectic",0.9414634144,0,0,"bee",2.38315386334488
"Lasioglossum (Dialictus) megastictum",5,0.191927023484192,0.141510682990193,9.5,28.25,34.75,11.55,170.285714285714,219,85,0.0180396440477086,"below","ex","social","polylectic",1.13548388,0,0,"bee",0.0183438441671015
"Lasioglossum (Dialictus) punctatoventre",6,0.348461984039233,0.479158911414741,14,24.2833333333333,28.55,6.6,118.333333333333,134,32,0.0190224348271333,"below","ex","social","polylectic",1.205107183,12,55,"bee",0.0137525109299303
"Lasioglossum (Dialictus) sp. BM",1,0.0651401671197509,0.659678641293026,1,27.3,27.3,0,217,217,1,NA,NA,NA,NA,NA,NA,NA,NA,"bee",0.00284629981024668
"Lasioglossum (Dialictus) tegulare group",33,0.475829250526552,0.0960160228425922,40.2,26.6880136986301,38.75,18.5,176.684931506849,226,118,0.201574701136994,"below","ex","social","polylectic",0.8780487804,4,0,"bee",0.23378259471869
"Lasioglossum (Evylaeus) diatretum",1,0.0651401671197509,0.0874059444596918,1,25.825,29.05,6.45,137,157,41,0.00789650537634409,"below","ex","social","polylectic",1.239754098,12,0,"bee",0.00325682382133995
"Lasioglossum (Evylaeus) granosum",1,0.0651401671197509,0,1,NA,NA,NA,NA,NA,NA,0.00638440860215054,"below","ex","social","polylectic",1.568800091,29,10,"plant",NA
"Lasioglossum (Evylaeus) kincaidii",8,0.344689365120095,0.180672893083352,29,26.7607142857143,34.75,11.6,188.571428571429,230,101,0.00842927201622854,"below","ex","social","polylectic",1.445783,1,0,"bee",0.0106941555887281
"Lasioglossum (Evylaeus) sp. 4",1,0.0651401671197509,0.00522169887176813,1,23.2,23.2,0,149,149,1,NA,NA,NA,NA,NA,NA,NA,NA,"bee",0.000733137829912023
"Lasioglossum (Evylaeus) sp. B",1,0.0651401671197509,0.379291702919162,1,21.25,21.25,0,124,124,1,0.000576036866359447,"below","ex","social","polylectic",1.443902439,14,0,"bee",0.000848896434634975
"Lasioglossum mellipes",2,0.130280334239502,0.354649247023949,3,22.25,22.25,0,115,115,1,0.000576036866359447,"below","ex","solitary","polylectic",1.78313252,130,382,"bee",0.0032258064516129
"Lasioglossum sisymbrii",4,0.21951729438958,0.425872138019203,5,24.6777777777778,28.1,6.1,117.666666666667,130,22,0.00551109518500823,"below","ex","solitary","polylectic",1.91999986,12,0,"bee",0.0114582045894615
"Lasioglossum titusi",7,0.221976799445843,0.397239443794369,9.25,26.7628571428571,32.95,8.95,183.6,222,93,0.0150600191085363,"below","ex","solitary","oligolectic",1.89832501,4633,20466,"bee",0.0360358380869217
"Lavandula officinalis",11,0.41573776645408,0.649557847341558,19,NA,NA,NA,NA,NA,NA,0.00924043233565854,NA,NA,NA,NA,NA,NA,NA,"plant",0.202730432566645
"Layia sp.",2,0.177892818153865,0.568900907004264,2.5,NA,NA,NA,NA,NA,NA,0.000597371565113501,NA,NA,NA,NA,NA,NA,NA,"plant",0.0017921146953405
"Lepidium latifolium",22,0.637437517325175,0.0665672826000817,27.3333333333333,NA,NA,NA,NA,NA,NA,0.04431973156288,NA,NA,NA,NA,NA,NA,NA,"plant",0.215745825047486
"Linum perenne",1,0.0941290822250112,0.739040789957086,1,NA,NA,NA,NA,NA,NA,0.000645161290322581,NA,NA,NA,NA,NA,NA,NA,"plant",0.000645161290322581
"Lobularia maritima",2,0.133419613615399,0.0794339802660118,2,NA,NA,NA,NA,NA,NA,0.00218946139249745,NA,NA,NA,NA,NA,NA,NA,"plant",0.00883082761640636
"Lotus corniculatus",16,0.977614027781717,0.521600405194077,24,NA,NA,NA,NA,NA,NA,0.0298332307159108,NA,NA,NA,NA,NA,NA,NA,"plant",0.119988357846844
"Lotus purshianus",4,0.317207682556646,0.533872740524854,5,NA,NA,NA,NA,NA,NA,0.00201612903225806,NA,NA,NA,NA,NA,NA,NA,"plant",0.0181451612903226
"Lupinus sp.",6,0.500827802016325,0.397223933620321,7,NA,NA,NA,NA,NA,NA,0.00516010484701187,NA,NA,NA,NA,NA,NA,NA,"plant",0.00752825640871182
"Lythrum californicum",1,0.0941290822250112,0,1,NA,NA,NA,NA,NA,NA,0.000806451612903226,NA,NA,NA,NA,NA,NA,NA,"plant",0.000806451612903226
"Malva neglecta",14,0.803539215882076,0.134299589887904,18.5,NA,NA,NA,NA,NA,NA,0.0154994122119359,NA,NA,NA,NA,NA,NA,NA,"plant",0.0392001290578141
"Malva parviflora",6,0.513068615481421,0.204973035953393,8.25,NA,NA,NA,NA,NA,NA,0.00492809083641002,NA,NA,NA,NA,NA,NA,NA,"plant",0.0079275249054536
"Malvella leprosa",7,0.57316533662894,0.287589211409756,11.5,NA,NA,NA,NA,NA,NA,0.00537286055095661,NA,NA,NA,NA,NA,NA,NA,"plant",0.0134047268171183
"Marrubium vulgare",24,1.46774517993089,0.302138571303854,38.4,NA,NA,NA,NA,NA,NA,0.0169132133396112,NA,NA,NA,NA,NA,NA,NA,"plant",0.0479845611204555
"Medicago polymorpha",7,0.451126724095862,0.0800122585929514,19.5,NA,NA,NA,NA,NA,NA,0.00365187293555415,NA,NA,NA,NA,NA,NA,NA,"plant",0.0117866680722468
"Medicago sativa",9,0.380350680541967,0.0689456820144947,27,NA,NA,NA,NA,NA,NA,0.015965527640755,NA,NA,NA,NA,NA,NA,NA,"plant",0.0389886872768179
"Megachile angelarum",12,0.480060693679223,0.497308514424925,20,27.6693181818182,35.2,13.25,164.840909090909,216,94,0.0326757989650188,"above","rent","solitary","polylectic",2.165853659,16,22,"bee",0.0378995263853827
"Megachile apicalis",22,0.670125499977661,0.302090504483119,25,27.9797520661157,40.85,19.25,182.617886178862,226,117,0.108396810368179,"mix","rent","solitary","oligolectic",2.312195122,29,13,"bee",0.109164548390717
"Megachile brevis",9,0.586261504077758,0.426456475424621,45,27.6123456788889,29.86111111,5.91111111,171.222222222222,224,108,0.00787183731792495,"mix","rent","solitary","polylectic",2.45783135,458,833,"bee",0.00890333711523923
"Megachile coquilletti",10,0.384393348898481,0.282507056673346,42,28.4605263157895,34.35,14.8,182.684210526316,229,91,0.0366684724052785,"above","rent","solitary","polylectic",3.36,24,2,"bee",0.0163865636658506
"Megachile fidelis",6,0.351044970592679,0.233580939302231,6.25,29.28125,32.8,7.8,181.25,207,53,0.013713295042187,"above","rent","solitary","polylectic",2.6,3,0,"bee",0.0167871399287949
"Megachile frugalis",1,0.0651401671197509,0.237476553995693,1,25.9,25.9,0,177,177,1,0.0118663594470046,"above","rent","solitary","polylectic",2.653658537,2,4,"bee",0.000576036866359447
"Megachile gentilis",10,0.307581007484371,0.329683970241005,16.25,27.8290780141489,38.75,17.9,186.212765957447,226,113,0.0343477538514694,"above","rent","solitary","polylectic",2.6466668,14,19,"bee",0.0489076343363058
"Megachile lippiae",3,0.145235987276014,0.224701943510071,3.5,28.005,30.65,7.75,220.5,226,13,0.00627323626972996,"below","rent","solitary","polylectic",3.095238,3,72,"bee",0.00981629653838541
"Megachile montivaga",6,0.374057475292045,0.282624477543135,18.5,26.25,28.6,5.1,193.857142857143,229,65,0.0066956684054759,"above","rent","solitary","polylectic",2.576422778,0,0,"bee",0.00630640566124437
"Megachile onobrychidis",26,0.700870924497735,0.318661393925326,63.5,28.3461496149505,37.85,17.6,201.313725490196,226,110,0.058456925946916,"mix","rent","solitary","polylectic",2.575609756,0,0,"bee",0.094843692226405
"Megachile parallela",5,0.18381571191232,0.270009734341553,9.5,25.3678571428571,30.1,9,215.5,229,63,0.0162079706434545,"mix","rent","solitary","polylectic",3.289221853,0,0,"bee",0.0163402457757296
"Megachile prosopidis",1,0.0651401671197509,0.363094482968175,1,29.5,29.5,0,150,150,1,0.000701262272089762,NA,NA,NA,NA,NA,NA,NA,"bee",0.00268817204301075
"Megachile rotundata",12,0.609783673251501,0.239319971125677,30,28.0049145298077,33.7,12.85,167.444444444444,226,107,0.0267164460844335,"above","rent","solitary","oligolectic",2.195121951,0,0,"bee",0.0222717699849928
"Melilotus alba",4,0.279148090854118,0.284308426730259,4.5,NA,NA,NA,NA,NA,NA,0.00850225043773431,NA,NA,NA,NA,NA,NA,NA,"plant",0.0198135198135198
"Melilotus officinalis",12,0.203194361170349,0.182992523945659,21,NA,NA,NA,NA,NA,NA,0.0180845075155747,NA,NA,NA,NA,NA,NA,NA,"plant",0.133597701145794
"Melissodes agilis",19,0.287902405766742,0.458118369517321,23.5,25.0993548387097,37.7,16.85,173.098765432099,229,94,0.0731167232276677,"below","ex","solitary","oligolectic",2.6000002,35,12,"bee",0.500829547561813
"Melissodes communis alopex",1,0.0651401671197509,0.468477874727598,1,33.4833333333333,34.1,1.84999999999999,172.666666666667,182,29,0.00123889668069191,"below","ex","solitary","polylectic",2.79375,56,1,"bee",0.00229516443438345
"Melissodes communis aloplex",1,0.0651401671197509,0.363094482968175,1,24.8,24.8,0,174,174,1,0.000701262272089762,NA,NA,NA,NA,NA,NA,NA,"bee",0.00124069478908189
"Melissodes lupina",23,0.618081466456247,0.248733734956001,29.25,27.6993957703927,40.85,20,198.252976190476,229,103,0.142944462488672,"below","ex","solitary","oligolectic",2.204878049,161,74,"bee",0.326371274046302
"Melissodes robustior",12,0.296652473346506,0.407707779660366,30,26.2699438202247,32.15,11.3,189.427777777778,222,75,0.0474151780408284,"below","ex","solitary","oligolectic",2.762812156,10,8,"bee",0.201406260028426
"Melissodes stearnsi",9,0.295595670905997,0.353940423865813,24,26.16,31.7,11.45,182.7,227,71,0.0318152583436142,"below","ex","solitary","oligolectic",2.03902439,27,5,"bee",0.011727638269384
"Melissodes tepida timberlakei",8,0.348678407239249,0.329644108146878,12.5,27.6846153846154,35.8,12.9,179,226,93,0.0233895115149922,"below","ex","solitary","polylectic",2.214634146,20,1,"bee",0.0247114877979581
"Monardella odoratissima",1,0.0941290822250112,0.787196929936254,1,NA,NA,NA,NA,NA,NA,0.000645161290322581,NA,NA,NA,NA,NA,NA,NA,"plant",0.000645161290322581
"Nomada sp. 3",4,0.225652158129872,0.255067958438276,7,28.4666666666667,34.8,11.4,126.666666666667,135,19,0.00522459243843219,"below","rent","solitary","parasite",2.067705195,1,0,"bee",0.00454138155751059
"Nomada sp. 3M",1,0.0651401671197509,0.62855537011519,1,28.45,28.45,0,134,134,1,NA,NA,NA,NA,NA,NA,NA,NA,"bee",0.000576036866359447
"Nomada sp. A",1,0.0651401671197509,0.0902146254817897,1,29.1166666666667,32.15,9.1,219.333333333333,220,2,0.00115207373271889,"below","rent","solitary","parasite",1.583333333,0,2,"bee",0.00661703887510339
"Nomada sp. AM",1,0.0651401671197509,0.0999064368956359,1,25.325,32.15,9.1,219.75,220,2,NA,NA,NA,NA,NA,NA,NA,NA,"bee",0.00641025641025641
"Nomada sp. CK-1",1,0.0651401671197509,0,1,26.6,26.6,0,163,163,1,0.00201612903225806,NA,NA,NA,NA,NA,NA,NA,"bee",0.000896057347670251
"Nomada sp. CK-2M",1,0.0651401671197509,0.00522169887176813,1,24.9,24.9,0,179,179,1,NA,NA,NA,NA,NA,NA,NA,NA,"bee",0.000896057347670251
"Nomada sp. CKM-2",1,0.0651401671197509,0.00522169887176813,1,25.8,25.8,0,186,186,1,NA,NA,NA,NA,NA,NA,NA,NA,"bee",0.000597371565113501
"Osmia aglaia",3,0.184244215592003,0.488816867601685,5,32.55,32.85,0.600000000000001,137.5,154,34,0.0182507680491551,"above","rent","solitary","polylectic",2.195121951,0,0,"bee",0.00117340843147295
"Osmia atrocyanea",1,0.0651401671197509,0.413889089201751,1,30.277777775,30.277777775,0,120,120,1,0.00597371565113501,"above","rent","solitary","polylectic",2.819512195,502,1589,"bee",0.00124069478908189
"Osmia coloradensis",1,0.0651401671197509,0.00522169887176813,1,33.7,33.7,0,131,131,1,0.0129928315412186,"above","rent","solitary","oligolectic",2.312195122,44,922,"bee",0.000848896434634975
"Osmia gaudiosa",6,0.345158350546872,0.491455638911249,16,23.44375,26.55,4.45,110.5,124,33,0.00282443882860116,"above","rent","solitary","oligolectic",1.690454133,3,1,"bee",0.00783462268282003
"Osmia granulosa",2,0.130280334239502,0.182022474759632,3,26.75,30.1,6.7,130.5,132,4,0.0183390317625489,NA,"rent","solitary",NA,2.058536585,0,2,"bee",0.00146627565982405
"Osmia laeta",2,0.127683306788818,0.475481386096004,2,28.45,28.55,0.199999999999999,127.5,134,14,0.015286453788863,"above","rent","solitary","polylectic",1.951219512,0,0,"bee",0.00239276852180078
"Osmia lignaria propinqua",4,0.17755130864074,0.4968532057634,7,26.4125,35.8,15.4,109.875,130,39,0.00370922289751182,"above","rent","solitary","polylectic",2.84000008,0,0,"bee",0.00531233998975934
"Osmia nemoris",3,0.195420501359253,0.373898038371101,6,27.65,32.8,9.2,123.666666666667,128,10,0.00712845622119816,"mix","rent","solitary","polylectic",2.214634146,0,3,"bee",0.00256166982922201
"Osmia regulina",5,0.219626739429958,0.510313875725092,8,31.4607142857143,34.35,12,150.714285714286,177,59,0.0160186513741461,"above","rent","solitary","polylectic",1.975668525,11,1,"bee",0.0123832410122733
"Osmia sp. MG",1,0.0651401671197509,0.00522169887176813,1,31.7,31.7,0,127,127,1,NA,NA,NA,NA,NA,NA,NA,NA,"bee",0.000645161290322581
"Osmia spp.",1,0.0651401671197509,0.363094482968175,1,28.55,28.55,0,121,121,1,0.00607760635811127,NA,NA,NA,NA,NA,NA,NA,"bee",0.00124069478908189
"Osmia texana",2,0.102217467113646,0.492446041039199,2,32.25,32.25,0,156,158,5,0.0010752688172043,"above","rent","solitary","oligolectic",2.80048204,0,0,"bee",0.003584229390681
"Osmia trevoris",1,0.0651401671197509,0.654335974362339,1,22.35,22.35,0,119,119,1,0.000520291363163371,"below","ex","solitary",NA,NA,4,0,"bee",0.000733137829912023
"Peponapis pruinosa",3,0.155105354716915,0.387342447746416,4,24.8916666666667,27.85,4.2,176.666666666667,206,41,0.0104380498533724,"below","ex","solitary","oligolectic",3.131707317,9,7,"bee",0.00369910853781822
"Phacelia californica",17,0.91321816008194,0.656441624630822,19,NA,NA,NA,NA,NA,NA,0.0096611954632304,NA,NA,NA,NA,NA,NA,NA,"plant",0.0756124140423689
"Phacelia ciliata",1,0.0941290822250112,0.0228221713353194,1,NA,NA,NA,NA,NA,NA,0.00094876660341556,NA,NA,NA,NA,NA,NA,NA,"plant",0.00094876660341556
"Phacelia tanacetifolia",6,0.540521899244088,0.340176652578272,18.5,NA,NA,NA,NA,NA,NA,0.00162080961416825,NA,NA,NA,NA,NA,NA,NA,"plant",0.0058111954459203
"Physalis philadelphica",1,0.0941290822250112,0.417412018585462,1,NA,NA,NA,NA,NA,NA,0.0010752688172043,NA,NA,NA,NA,NA,NA,NA,"plant",0.0010752688172043
"Picris echioides",31,0.603548053952581,0.0777995866016448,35.5714285714286,NA,NA,NA,NA,NA,NA,0.13214479580879,NA,NA,NA,NA,NA,NA,NA,"plant",0.768681691791558
"Plantago lanceolata",3,0.118319406248729,0.166154199753925,4,NA,NA,NA,NA,NA,NA,0.007448628748439,NA,NA,NA,NA,NA,NA,NA,"plant",0.0395090335555231
"Plantago major",2,0.141851874200625,0.0493592059604096,2,NA,NA,NA,NA,NA,NA,0.00124069478908189,NA,NA,NA,NA,NA,NA,NA,"plant",0.0086848635235732
"Polygonum arenastrum",5,0.291120373859972,0.0924805339426506,5.25,NA,NA,NA,NA,NA,NA,0.00564449917898194,NA,NA,NA,NA,NA,NA,NA,"plant",0.0238658032734785
"Polygonum aviculare",4,0.257251572695853,0.20115137763461,5,NA,NA,NA,NA,NA,NA,0.00389799787083318,NA,NA,NA,NA,NA,NA,NA,"plant",0.0138918240785813
"Polygonum lapathifolium",2,0.177892818153865,0.0663641348950265,2.5,NA,NA,NA,NA,NA,NA,0.00115207373271889,NA,NA,NA,NA,NA,NA,NA,"plant",0.00172811059907834
"Portulaca oleracea",5,0.341581457447597,0.116951953886211,6,NA,NA,NA,NA,NA,NA,0.00663735559628657,NA,NA,NA,NA,NA,NA,NA,"plant",0.0162389922425927
"Proboscidea lutea",1,0.0941290822250112,0.31125536566301,1,NA,NA,NA,NA,NA,NA,NA,NA,NA,NA,NA,NA,NA,NA,"plant",NA
"Prunus ilicifolia",13,1.00930508980262,0.500208042263062,33.25,NA,NA,NA,NA,NA,NA,0.00893917831523944,NA,NA,NA,NA,NA,NA,NA,"plant",0.0235427191496801
"Punica granatum",1,0.0941290822250112,0,1,NA,NA,NA,NA,NA,NA,0.000672043010752688,NA,NA,NA,NA,NA,NA,NA,"plant",0.000672043010752688
"Raphanus raphanistrum",13,0.391554930698581,0.081886514805006,25.25,NA,NA,NA,NA,NA,NA,0.0382703237366874,NA,NA,NA,NA,NA,NA,NA,"plant",0.106525356573095
"Rhamnus californica",3,0.243456332712664,0.653244645920569,3,NA,NA,NA,NA,NA,NA,0.00572652987014317,NA,NA,NA,NA,NA,NA,NA,"plant",0.0116415966935292
"Rosa californica",12,0.492501769069881,0.0939163973246099,18.25,NA,NA,NA,NA,NA,NA,0.0310323568031954,NA,NA,NA,NA,NA,NA,NA,"plant",0.120491578164799
"Rubus armeniacus",6,0.301476022916819,0.3978517325932,12,NA,NA,NA,NA,NA,NA,0.00177832919768404,NA,NA,NA,NA,NA,NA,NA,"plant",0.00177832919768404
"Rubus discolor",7,0.509467655825753,0.358461049783179,13,NA,NA,NA,NA,NA,NA,0.00534136886804726,NA,NA,NA,NA,NA,NA,NA,"plant",0.00987846903111175
"Rubus ursinus",1,0.0941290822250112,0.0228221713353194,1,NA,NA,NA,NA,NA,NA,0.000597371565113501,NA,NA,NA,NA,NA,NA,NA,"plant",0.000597371565113501
"Salix sp.",5,0.443409224646323,0.190921600117598,7.25,NA,NA,NA,NA,NA,NA,0.00370485249517508,NA,NA,NA,NA,NA,NA,NA,"plant",0.00975323959194927
"Salsola iberica",2,0.155255085787118,0.0618789693476052,2,NA,NA,NA,NA,NA,NA,0.000537634408602151,NA,NA,NA,NA,NA,NA,NA,"plant",0.0053763440860215
"Salsola tragus",2,0.165174451972541,0.0203457540477619,2,NA,NA,NA,NA,NA,NA,0.0010752688172043,NA,NA,NA,NA,NA,NA,NA,"plant",0.0043010752688172
"Salvia sp.",35,1.6704467735309,0.443252186796572,215.5,NA,NA,NA,NA,NA,NA,0.0256918364600877,NA,NA,NA,NA,NA,NA,NA,"plant",0.160999456275348
"Sambucus mexicana",9,0.697533189811576,0.286813687949226,15.25,NA,NA,NA,NA,NA,NA,0.0080955334987593,NA,NA,NA,NA,NA,NA,NA,"plant",0.0230355665839537
"Silybum marianum",18,0.615740850610067,0.194265613175885,43,NA,NA,NA,NA,NA,NA,0.0286452709155957,NA,NA,NA,NA,NA,NA,NA,"plant",0.139908333849758
"Solanum americanum",1,0.0941290822250112,0.150608302983392,1,NA,NA,NA,NA,NA,NA,0.00230414746543779,NA,NA,NA,NA,NA,NA,NA,"plant",0.0149769585253456
"Solanum lycopersicum",2,0.177892818153865,0.645999610643128,2.5,NA,NA,NA,NA,NA,NA,0.00170250896057348,NA,NA,NA,NA,NA,NA,NA,"plant",0.00259856630824373
"Solanum rostratum",1,0.0941290822250112,0.0228221713353194,1,NA,NA,NA,NA,NA,NA,0.000597371565113501,NA,NA,NA,NA,NA,NA,NA,"plant",0.000597371565113501
"Sonchus sp.",7,0.327945578768863,0.201915196823183,9.25,NA,NA,NA,NA,NA,NA,0.0123231303949646,NA,NA,NA,NA,NA,NA,NA,"plant",0.0234752041276835
"Sphecodes sp. 1M",1,0.0651401671197509,0.156494765971613,1,27.25,27.25,0,152,152,1,NA,NA,NA,NA,NA,NA,NA,NA,"bee",0.000672043010752688
"Sphecodes sp. AM",1,0.0651401671197509,0,1,31.95,31.95,0,207,207,1,NA,NA,NA,NA,NA,NA,NA,NA,"bee",0.000806451612903226
"Sphecodes sp. B",2,0.123107201621766,0.00445304931585478,2.5,25.2166666666667,26.75,3.2,140.333333333333,166,40,0.00205453149001536,"below","rent","solitary","parasite",0.98,0,0,"bee",0.00233450272382419
"Sphecodes spp.",3,0.184244215592003,0.301972575925054,5,26.175,27.3,2.2,176,195,41,0.00239055299539171,NA,NA,NA,NA,NA,NA,NA,"bee",0.0064268646526711
"Stelis laticincta",2,0.107441207279475,0.178546584263367,2,30.43,33.8,7.4,175.2,184,18,0.00505354081791669,NA,"rent","solitary","parasite",2.292682927,0,0,"bee",0.00355601769007969
"Stelis montana",1,0.0651401671197509,0.62855537011519,1,26.15,26.15,0,109,109,1,0.000701262272089762,"above","rent","solitary","parasite",2.292682927,0,4,"bee",0.000597371565113501
"Svastra obliqua expurgata",9,0.458212588179598,0.240073538387544,10,26.7367647058824,32.15,10.25,202.911764705882,229,76,0.0370000107354349,"below","ex","solitary","oligolectic",3.336817663,18,16,"bee",0.0333937510886529
"Symphoricarpos mollis",2,0.165174451972541,0.190112502276602,2,NA,NA,NA,NA,NA,NA,0.00126941457586619,NA,NA,NA,NA,NA,NA,NA,"plant",0.00253882915173238
"Symphyotrichum chilense",1,0.0941290822250112,0.0228221713353194,1,NA,NA,NA,NA,NA,NA,0.000597371565113501,NA,NA,NA,NA,NA,NA,NA,"plant",0.000597371565113501
"Symphyotrichum chilensis",2,0.188258164450022,0.328901062118443,3,NA,NA,NA,NA,NA,NA,0.00161290322580645,NA,NA,NA,NA,NA,NA,NA,"plant",0.00161290322580645
"Torilis arvensis",1,0.0941290822250112,0.0717309068982641,1,NA,NA,NA,NA,NA,NA,0.000848896434634975,NA,NA,NA,NA,NA,NA,NA,"plant",0.00169779286926995
"Torilis nodosa",2,0.188258164450022,0,3,NA,NA,NA,NA,NA,NA,NA,NA,NA,NA,NA,NA,NA,NA,"plant",NA
"Tribulus terrestris",9,0.371851002040107,0.0616919820807869,11.6666666666667,NA,NA,NA,NA,NA,NA,0.0143863362640807,NA,NA,NA,NA,NA,NA,NA,"plant",0.0357377579839911
"Triepeolus concavus",4,0.260560668479003,0.100852016572711,10,24.3,24.5,0.399999999999999,204.333333333333,220,30,0.00688102220360285,"below","rent","solitary","parasite",2.7125,0,0,"bee",0.00246891132597473
"Triepeolus heterurus",10,0.467988594436768,0.251809040346687,10.6666666666667,32.8409090909091,40.85,17.05,208.613636363636,229,67,0.0201176465585858,NA,"rent","solitary","parasite",1.653012,0,0,"bee",0.0399416270096885
"Triepeolus melanarius",2,0.102217467113646,0.235257717266771,2,25.4958333333333,27.05,3.85,211.416666666667,229,81,0.00609158986175115,NA,"rent","solitary","parasite",1.78213272,6,2,"bee",0.0141090092702996
"Triepeolus sp. 1M",1,0.0651401671197509,0.280115001648339,1,36.4,36.4,0,209,209,1,NA,NA,NA,NA,NA,NA,NA,NA,"bee",0.00403225806451613
"Triepeolus sp. EM",2,0.123107201621766,0.348917845522614,2.5,28.5666666666667,35,9.65,204,221,52,NA,NA,NA,NA,NA,NA,NA,NA,"bee",0.00186678614097969
"Triepeolus sp. FM",2,0.130280334239502,0,3,26.875,30.7,7.65000000000001,219,220,3,NA,NA,NA,NA,NA,NA,NA,NA,"bee",0.00188585607940447
"Triepeolus sp. nr. lestes",3,0.195420501359253,0.185258694504139,6,28.45,30.7,5.45,203.333333333333,220,49,NA,NA,NA,NA,NA,NA,NA,NA,"bee",0.00541055718475073
"Triepeolus subnitens",4,0.243781245154159,0.28526014834128,4,26.7647058823529,29.6,7.7,199.294117647059,209,42,0.0103372434017595,NA,"rent","solitary","parasite",2.4283334,1,0,"bee",0.0223409628532968
"Triepeolus timberlakei",4,0.246214403243532,0.111163966303303,5,32.65,35,5.85,177.333333333333,184,15,0.0132664490527394,"below","rent","solitary","parasite",1.642818815,0,1,"bee",0.00212427388456309
"Triepeolus utahensis",4,0.260560668479003,0.0957235187285988,10,25.1875,25.85,1.65,180.5,205,42,0.00484056786085922,NA,NA,NA,NA,NA,NA,NA,"bee",0.00439412737799835
"Trifolium incarnatum",1,0.0941290822250112,0.484096417289617,1,NA,NA,NA,NA,NA,NA,0.00115207373271889,NA,NA,NA,NA,NA,NA,NA,"plant",0.00115207373271889
"Trifolium pratense",8,0.293533821641637,0.709465042531993,10.6666666666667,NA,NA,NA,NA,NA,NA,0.0109612702215594,NA,NA,NA,NA,NA,NA,NA,"plant",0.0494237594070742
"Trifolium repens",1,0.0941290822250112,0.646259322671721,1,NA,NA,NA,NA,NA,NA,0.000556173526140156,NA,NA,NA,NA,NA,NA,NA,"plant",0.00111234705228031
"Vicia americana",5,0.419407161422471,0.514091235105304,9.5,NA,NA,NA,NA,NA,NA,0.00329558346636146,NA,NA,NA,NA,NA,NA,NA,"plant",0.00543909320000402
"Vicia villosa",3,0.282387246675034,0.331541462225525,6,NA,NA,NA,NA,NA,NA,0.00610948191593353,NA,NA,NA,NA,NA,NA,NA,"plant",0.00610948191593353
"Xeromelecta californica",2,0.130280334239502,0.194883622343227,3,25.425,25.8,0.750000000000004,218.5,224,12,0.00151640474221119,"below","rent","solitary","parasite",2.554336154,16,262,"bee",0.00156810035842294
"Xylocopa tabaniformis orpifex",7,0.35417969157506,0.62052012995089,8,25.296875,30.65,7.75,181.75,226,118,0.0108319975956722,"above","ex","solitary","polylectic",5.84,0,0,"bee",0.0151791005517368
"Xylocopa varipuncta",2,0.0883386269043258,0.5764971751734,2,25.71,28.8,5.15,152.4,159,12,0.00658685634141455,"above","ex","solitary","polylectic",6.945,0,0,"bee",0.00692127054752194
"Zauschneria californica",2,0.177892818153865,0.368080170237591,2.5,NA,NA,NA,NA,NA,NA,0.000576036866359447,NA,NA,NA,NA,NA,NA,NA,"plant",0.00172811059907834
"Zinnia elegans",2,0.184505398357226,0.251140863096332,2,NA,NA,NA,NA,NA,NA,0.00094876660341556,NA,NA,NA,NA,NA,NA,NA,"plant",0.0094876660341556
